공장구분,설립구분,입주형태,보유구분,등록구분,남자종업원,여자종업원,외국인남자종업원,외국인여자종업원,종업원합계,공장규모,용도지역,지목,용지면적,제조시설면적,부대시설면적,건축면적,지식산업센터명,대표업종,공장주소_지번,도,시,구
0,2,9,1,0,32,3,0,0,35,1,32,6,95,210,155,366,0,119,438,2,2,27
0,2,6,0,2,3,1,0,0,4,1,36,6,59,42,16,59,0,45,40,1,2,27
0,2,9,1,2,18,1,0,0,19,1,37,6,118,72,141,213,0,117,437,2,2,27
0,2,9,1,3,8,1,0,0,9,1,37,6,665,100,82,182,0,47,422,2,2,24
0,2,0,0,0,2,1,0,0,3,1,32,6,304,219,0,219,0,45,423,2,2,24
0,2,6,0,0,2,2,0,0,4,1,35,6,99,66,43,109,0,45,425,2,2,24
0,2,6,0,0,1,2,0,0,3,1,34,6,296,60,125,185,0,45,426,2,2,24
0,2,6,0,2,0,3,0,0,3,1,34,6,0,99,56,155,0,45,427,2,2,24
0,2,0,0,0,16,10,0,0,26,1,32,6,0,175,186,361,0,58,424,2,2,24
0,2,0,1,2,2,3,0,0,5,1,32,6,0,166,0,166,0,114,415,2,2,23
0,2,6,0,0,17,5,0,0,22,1,32,6,102,40,62,102,0,127,414,2,2,23
0,2,0,1,2,7,1,0,0,8,1,30,6,2057,145,0,145,0,99,421,2,2,23
0,2,9,1,0,10,1,0,0,11,1,36,6,218,44,203,248,0,117,419,2,2,23
0,2,6,0,0,11,8,0,0,19,1,37,6,0,65,267,333,0,125,417,2,2,23
0,2,2,0,2,3,1,0,0,4,1,30,6,69,52,16,69,0,124,418,2,2,23
0,2,0,0,2,1,5,0,0,6,1,37,6,0,164,116,281,0,10,416,2,2,23
0,2,0,0,0,4,1,0,0,5,1,37,6,0,50,84,134,0,123,420,2,2,23
0,2,9,1,0,5,2,0,0,7,1,32,6,581,79,396,475,0,56,309,2,2,11
0,2,0,1,2,29,4,0,0,33,1,32,6,0,81,75,156,0,125,306,2,2,11
0,2,9,1,2,3,3,0,0,6,1,32,6,165,286,0,286,0,59,308,2,2,11
0,2,6,0,2,3,1,0,0,4,1,37,6,0,124,0,124,0,114,305,2,2,11
0,2,0,1,2,4,2,0,0,6,1,32,6,203,121,81,203,0,124,307,2,2,11
0,2,9,1,0,11,1,0,0,12,1,15,14,2089,2056,2137,4194,0,149,224,2,2,0
0,2,7,0,2,3,0,0,0,3,1,42,6,0,88,22,111,0,127,226,2,2,0
0,2,9,1,3,6,1,0,0,7,1,41,6,1180,1300,334,1635,0,37,229,2,2,0
0,2,9,1,0,10,6,0,0,16,1,18,6,1911,2266,2313,4580,0,37,225,2,2,0
0,2,6,0,2,1,0,0,0,1,1,42,6,0,111,111,222,0,31,227,2,2,0
0,2,9,0,0,7,0,0,0,7,1,38,6,18,18,0,18,0,127,228,2,2,0
0,2,0,1,0,5,0,0,0,5,1,18,0,660,380,105,485,0,158,604,2,2,35
0,2,6,0,0,3,1,0,0,4,1,18,0,255,179,76,255,0,159,624,2,2,35
0,2,0,1,3,15,5,0,0,20,1,20,0,2607,1255,749,2005,0,78,621,2,2,35
0,2,4,1,0,8,2,0,0,10,1,17,0,3054,994,983,1978,0,146,618,2,2,35
0,2,6,0,2,3,0,0,0,3,1,18,0,0,258,32,290,0,117,614,2,2,35
0,2,2,0,2,3,0,0,0,3,1,18,0,0,110,36,146,0,127,60,1,2,35
0,2,0,0,2,3,0,0,0,3,1,18,0,382,382,0,382,0,100,623,2,2,35
0,2,0,1,0,8,1,0,0,9,1,18,0,4050,432,119,551,0,87,609,2,2,35
0,2,0,0,2,1,0,0,0,1,1,18,0,330,131,58,189,0,129,628,2,2,35
0,2,9,1,3,2,0,0,0,2,1,25,6,661,255,181,436,0,151,634,2,2,35
0,2,2,0,2,0,0,1,0,1,1,18,0,0,280,260,541,0,101,607,2,2,35
0,2,6,0,0,7,1,0,0,8,1,18,0,0,262,0,262,0,99,599,2,2,35
0,2,0,0,0,5,0,0,0,5,1,17,0,0,406,32,438,0,127,615,2,2,35
0,2,6,0,2,9,0,0,0,9,1,18,0,0,421,0,421,0,127,607,2,2,35
0,2,0,1,0,9,2,0,0,11,1,18,0,3101,578,64,642,0,87,626,2,2,35
0,2,9,1,2,10,19,0,0,29,1,18,0,1976,396,453,849,0,27,590,2,2,35
0,4,9,1,0,8,2,0,0,10,1,27,15,4487,635,242,877,0,144,633,2,2,35
0,2,1,1,0,9,2,0,0,11,1,18,0,3041,312,1414,1726,0,30,619,2,2,35
0,2,9,1,0,6,3,4,0,13,1,18,0,1231,656,7,663,0,80,627,2,2,35
0,2,9,1,0,5,2,0,0,7,1,18,15,642,229,28,258,0,56,625,2,2,35
0,2,9,1,2,7,0,0,0,7,1,18,0,1185,470,7,477,0,97,591,2,2,35
0,2,9,1,3,7,0,0,0,7,1,18,0,1184,787,80,868,0,97,58,1,2,35
0,2,9,1,0,4,0,0,0,4,1,18,0,1620,296,141,438,0,127,616,2,2,35
0,2,0,1,2,3,1,3,0,7,1,18,0,964,480,147,627,0,101,622,2,2,35
0,2,4,1,3,4,1,0,0,5,1,18,0,0,462,0,462,0,120,600,2,2,35
0,2,9,0,0,5,0,0,0,5,1,18,0,469,92,202,294,0,109,603,2,2,35
0,2,6,0,0,3,0,2,0,5,1,18,0,786,264,242,506,0,132,621,2,2,35
0,2,9,1,2,4,1,0,0,5,1,18,0,910,323,244,568,0,99,598,2,2,35
0,2,9,0,3,3,1,0,0,4,1,18,0,962,54,72,126,0,145,603,2,2,35
0,2,0,1,2,8,1,0,0,9,1,20,0,678,391,0,391,0,99,612,2,2,35
0,2,6,0,0,4,1,0,0,5,1,18,0,3148,963,141,1105,0,82,636,2,2,35
0,2,2,0,2,6,2,0,0,8,1,18,0,0,298,0,298,0,73,595,2,2,35
0,2,9,1,3,14,3,0,0,17,1,18,0,1957,889,428,1317,0,81,613,2,2,35
0,2,0,1,2,3,0,0,0,3,1,27,15,1425,254,244,499,0,156,632,2,2,35
0,2,9,1,0,3,4,0,0,7,1,27,6,3727,231,382,613,0,42,635,2,2,35
0,2,6,0,2,3,2,0,0,5,1,18,0,246,186,54,240,0,63,606,2,2,35
0,2,9,1,0,3,1,0,0,4,1,18,0,2166,297,33,330,0,96,61,1,2,35
0,2,0,1,0,6,1,0,0,7,1,18,0,1169,462,139,601,0,75,596,2,2,35
0,2,0,1,3,11,2,0,0,13,1,20,0,3486,1816,311,2127,0,75,630,2,2,35
0,2,9,0,3,1,0,0,0,1,1,18,0,660,77,22,100,0,99,605,2,2,35
0,2,9,1,0,7,2,0,0,9,1,18,0,910,205,705,910,0,99,597,2,2,35
0,2,9,1,0,3,2,0,0,5,1,18,0,3249,145,10,155,0,137,629,2,2,35
0,2,9,1,0,4,1,0,0,5,1,18,0,661,281,193,474,0,99,617,2,2,35
0,2,6,0,0,4,1,0,0,5,1,18,0,0,150,96,246,0,127,611,2,2,35
0,4,9,0,0,8,1,0,0,9,1,18,0,1326,175,337,513,0,146,620,2,2,35
0,2,0,1,0,2,0,0,0,2,1,18,22,106,70,0,70,0,148,631,2,2,35
0,2,2,0,2,3,0,0,0,3,1,18,0,0,262,0,262,0,74,601,2,2,35
0,2,6,0,0,4,1,0,0,5,1,18,0,0,272,0,272,0,127,608,2,2,35
0,2,2,0,0,1,0,0,0,1,1,18,15,0,82,2,84,0,124,592,2,2,35
0,2,0,1,2,6,2,0,0,8,1,18,0,1095,338,5,343,0,100,602,2,2,35
0,2,0,0,3,40,15,0,0,55,2,27,6,5419,1113,1056,2169,0,0,593,2,2,35
0,2,6,0,2,1,0,0,0,1,1,18,0,709,56,110,167,0,155,610,2,2,35
0,2,6,0,2,3,0,0,0,3,1,18,0,0,98,0,98,0,65,59,1,2,35
0,2,9,1,0,15,0,0,0,15,1,18,0,1162,498,0,498,0,152,594,2,2,35
0,2,0,0,0,5,1,0,0,6,1,15,0,1005,454,0,454,0,127,62,1,2,35
0,2,2,0,2,4,0,0,0,4,1,27,14,0,26,0,26,0,113,585,2,2,34
0,2,0,0,0,9,2,0,0,11,1,27,14,1383,371,92,464,0,127,585,2,2,34
0,2,0,1,0,3,0,0,0,3,1,27,6,463,67,301,369,0,117,574,2,2,34
0,2,0,1,0,3,0,0,0,3,1,27,17,1306,216,0,216,0,127,583,2,2,34
0,2,0,1,0,15,4,0,0,19,1,27,6,1466,210,76,286,0,127,575,2,2,34
0,2,0,1,0,8,0,0,0,8,1,27,6,2030,307,319,627,0,127,572,2,2,34
0,2,0,1,2,12,0,0,0,12,1,20,0,2198,495,365,860,0,75,589,2,2,34
0,2,0,1,2,3,1,0,0,4,1,18,0,2005,480,3,483,0,77,571,2,2,34
0,2,9,1,0,3,1,0,0,4,1,18,0,1345,268,24,292,0,109,586,2,2,34
0,2,9,1,0,8,7,0,0,15,1,18,0,2235,911,134,1046,0,60,57,1,2,34
0,2,0,1,3,16,1,2,0,19,1,18,0,5257,1896,229,2125,0,77,570,2,2,34
0,2,9,1,0,4,1,0,0,5,1,18,0,851,437,46,484,0,107,587,2,2,34
0,2,9,1,2,3,1,0,0,4,1,27,14,4919,217,26,243,0,88,580,2,2,34
0,2,0,0,0,2,0,0,0,2,1,37,6,684,383,0,383,0,110,582,2,2,34
0,2,0,1,0,8,3,0,0,11,1,27,6,2508,430,65,495,0,95,584,2,2,34
0,2,9,1,0,2,0,0,0,2,1,18,6,446,247,82,329,0,154,567,2,2,34
0,2,9,1,2,3,1,0,0,4,1,18,0,463,168,122,290,0,99,565,2,2,34
0,2,9,1,2,4,1,0,0,5,1,18,0,544,203,33,236,0,100,566,2,2,34
0,2,9,1,2,4,1,0,0,5,1,37,6,562,267,0,267,0,100,56,1,2,34
0,2,9,1,2,5,0,0,0,5,1,18,6,568,42,44,86,0,105,568,2,2,34
0,2,0,1,2,4,1,0,0,5,1,28,6,3993,491,352,843,0,100,577,2,2,34
0,2,0,1,2,5,1,0,0,6,1,27,6,2314,330,66,396,0,127,576,2,2,34
0,4,0,1,0,16,5,0,0,21,1,37,0,579,240,101,342,0,103,581,2,2,34
0,2,0,0,2,6,0,0,0,6,1,27,6,0,49,269,318,0,127,573,2,2,34
0,2,0,1,2,4,0,0,0,4,1,18,0,1049,222,104,326,0,99,588,2,2,34
0,2,0,1,2,4,2,0,0,6,1,27,6,3195,491,0,491,0,80,578,2,2,34
0,2,6,0,0,2,0,0,0,2,1,18,6,1229,156,42,198,0,71,568,2,2,34
0,2,0,0,2,3,0,0,0,3,1,27,6,0,71,0,71,0,122,579,2,2,34
0,2,0,1,2,7,2,0,0,9,1,27,6,2428,91,736,828,0,63,569,2,2,34
0,2,9,1,0,5,0,0,0,5,1,27,9,1011,234,776,1011,0,65,318,2,2,15
0,2,7,0,0,6,0,0,0,6,1,27,23,6611,1153,502,1655,0,29,313,2,2,15
0,2,2,0,2,3,0,0,0,3,1,27,23,0,100,231,331,0,65,27,1,2,15
0,2,6,0,2,3,0,0,0,3,1,27,6,9837,136,66,202,0,57,319,2,2,15
0,4,7,0,3,8,1,0,0,9,1,27,0,3300,499,0,499,0,135,28,1,2,15
0,2,0,0,2,0,3,0,0,3,1,30,23,0,57,108,165,0,31,314,2,2,15
0,2,0,1,2,23,2,0,0,25,1,27,6,4413,456,529,985,0,56,316,2,2,15
0,2,0,0,2,3,2,0,0,5,1,27,6,0,24,16,40,0,39,317,2,2,15
1,0,4,1,3,6,3,0,0,9,0,18,6,22022,1812,0,1812,0,65,315,2,2,15
0,2,0,1,2,11,5,3,1,20,1,27,0,1497,162,269,432,0,2,311,2,2,14
0,2,0,1,3,14,6,0,0,20,1,27,8,2155,685,1309,1994,0,21,310,2,2,14
0,2,0,1,2,5,0,0,0,5,1,27,6,829,152,152,304,0,159,312,2,2,14
0,2,9,1,2,6,1,0,0,7,1,27,6,404,74,71,146,0,99,35,1,2,21
0,2,3,1,0,4,1,0,0,5,1,30,6,772,354,110,464,0,127,411,2,2,21
0,2,9,1,0,8,1,0,0,9,1,27,6,992,287,51,338,0,127,36,1,2,21
0,2,2,0,2,5,3,0,0,8,1,37,6,554,328,122,451,0,3,283,2,2,4
0,2,4,0,0,3,0,0,0,3,1,27,23,26,13,13,26,0,115,18,1,2,4
0,2,6,0,2,3,0,0,0,3,1,27,23,0,22,22,45,0,141,19,1,2,4
0,2,9,1,0,18,5,0,0,23,1,26,6,1204,266,152,419,0,3,284,2,2,4
0,2,9,1,3,5,1,0,0,6,1,27,6,1725,236,191,427,0,11,282,2,2,4
0,2,0,0,2,7,0,0,0,7,1,32,6,0,38,0,38,0,129,285,2,2,4
0,2,0,0,2,5,0,0,0,5,1,37,6,0,127,0,127,0,117,281,2,2,4
0,2,0,1,0,5,0,0,0,5,1,27,6,882,108,59,167,0,75,413,2,2,22
0,2,6,0,2,1,0,0,0,1,1,41,6,186,161,25,186,0,159,37,1,2,22
0,2,2,0,2,13,4,0,0,17,1,27,6,1924,265,93,358,0,155,412,2,2,22
0,2,4,0,3,13,0,0,0,13,1,30,6,0,272,119,391,0,127,433,2,2,26
0,2,6,0,0,0,0,0,0,0,1,30,6,0,86,0,86,0,126,434,2,2,26
0,2,0,1,2,5,2,0,0,7,1,27,6,854,209,0,209,0,116,435,2,2,26
0,2,7,0,0,10,1,0,0,11,1,30,6,1573,200,285,486,0,102,432,2,2,26
0,2,0,0,0,3,5,0,0,8,1,30,6,1137,495,397,893,0,7,436,2,2,26
0,2,9,1,2,4,1,0,0,5,1,27,17,1652,218,111,330,0,80,430,2,2,25
0,2,2,0,0,2,0,0,0,2,1,27,0,1852,300,109,410,0,102,38,1,2,25
0,2,0,0,0,0,5,0,0,5,1,37,6,0,179,0,179,0,43,431,2,2,25
0,2,0,0,0,4,1,0,0,5,1,27,6,4544,491,1468,1959,0,75,39,1,2,25
0,2,0,1,2,2,3,0,0,5,1,27,6,1058,375,463,838,0,65,428,2,2,25
0,2,0,1,2,2,1,2,0,5,1,27,0,473,189,284,473,0,100,429,2,2,25
0,2,9,1,2,13,8,0,0,21,1,18,6,592,400,295,696,0,3,295,2,2,7
0,2,9,1,0,3,0,0,0,3,1,27,6,2123,149,69,218,0,154,22,1,2,7
0,2,9,1,2,3,17,0,0,20,1,18,6,594,312,314,626,0,6,297,2,2,7
0,2,9,1,3,9,1,0,0,10,1,15,0,1681,2396,0,2396,0,163,296,2,2,7
0,2,9,1,3,2,4,0,0,6,1,18,6,990,795,197,993,0,7,293,2,2,7
0,2,0,0,2,2,0,0,0,2,1,36,6,0,125,0,125,0,71,291,2,2,7
0,2,9,1,3,5,7,0,0,12,1,18,6,990,693,332,1025,0,6,294,2,2,7
0,2,9,1,2,3,6,0,0,9,1,18,6,989,199,88,287,0,7,292,2,2,7
0,2,2,0,0,2,6,0,0,8,1,41,6,320,180,194,374,0,6,23,1,2,7
0,2,9,1,2,3,2,0,0,5,1,27,6,1212,192,47,240,0,40,290,2,2,7
0,2,9,1,2,13,0,0,0,13,1,18,6,480,391,25,417,0,6,298,2,2,7
0,2,0,0,2,6,0,0,0,6,1,37,6,0,100,33,133,0,117,289,2,2,6
0,2,7,0,0,38,1,0,0,39,1,27,6,455,108,9,117,0,117,287,2,2,6
0,2,9,1,2,9,1,0,0,10,1,39,6,154,20,71,91,0,119,288,2,2,6
0,2,7,0,0,5,1,0,0,6,1,27,0,810,148,10,159,0,155,286,2,2,6
0,4,0,1,3,5,10,0,0,15,1,27,0,2342,435,211,647,0,7,20,1,2,6
0,2,6,0,2,4,0,0,0,4,1,27,6,446,77,0,77,0,128,21,1,2,6
0,2,4,1,2,2,0,0,0,2,1,37,6,236,98,0,98,0,99,301,2,2,8
0,2,0,1,0,6,1,0,0,7,1,27,6,1932,272,0,272,0,127,26,1,2,8
0,2,5,1,2,11,2,0,0,13,1,29,6,1389,265,45,310,0,106,299,2,2,8
0,2,9,1,0,2,2,0,0,4,1,27,15,1983,330,412,742,0,11,300,2,2,8
0,4,0,1,3,4,2,0,0,6,1,27,6,882,243,253,497,0,6,24,1,2,8
0,2,9,1,2,8,3,0,0,11,1,27,6,239,239,0,239,0,14,25,1,2,8
0,2,9,1,0,27,5,3,0,35,1,9,0,27411,2100,565,2665,0,89,637,2,2,36
0,2,9,1,0,16,1,0,0,17,1,0,0,11005,890,590,1480,0,87,639,2,2,36
0,2,9,1,0,9,2,0,0,11,1,13,0,7869,495,82,577,0,71,638,2,2,36
0,2,3,1,2,2,2,0,0,4,1,26,6,1486,165,0,165,0,154,406,2,2,20
0,2,9,1,0,15,2,0,0,17,1,27,12,2011,297,174,471,0,3,410,2,2,20
0,2,0,1,3,10,6,0,0,16,1,27,0,4089,674,475,1150,0,3,408,2,2,20
0,4,2,0,0,4,1,0,0,5,1,27,6,1636,268,149,418,0,154,407,2,2,20
0,2,0,1,0,3,3,0,0,6,1,26,6,1273,378,110,488,0,7,409,2,2,20
0,2,0,1,2,25,18,0,0,43,1,30,6,2070,432,1361,1793,0,142,405,2,2,19
0,2,2,0,2,5,0,0,0,5,1,1,0,120,39,80,120,0,164,400,2,2,19
0,2,0,0,0,15,33,0,0,48,1,0,0,0,437,97,534,0,25,404,2,2,19
1,0,2,0,3,52,5,0,0,57,1,21,6,292,82,210,292,0,125,401,2,2,19
1,0,4,1,3,17,2,0,0,19,1,4,0,2650,296,427,723,0,127,402,2,2,19
1,0,4,1,3,8,2,0,0,10,1,23,6,3161,103,395,499,0,117,403,2,2,19
1,0,4,1,0,22,18,0,0,40,2,18,6,14405,3263,21,3285,0,68,34,1,2,19
1,0,4,1,3,0,0,0,0,0,1,21,6,6117,1953,1139,3093,0,28,398,2,2,19
1,0,2,0,3,23,12,0,0,35,1,21,0,234,185,48,234,0,125,399,2,2,19
0,2,9,1,0,5,0,0,0,5,1,37,6,70,30,40,70,0,115,396,2,2,18
0,2,6,0,2,6,0,0,0,6,1,28,6,483,143,141,284,0,101,393,2,2,18
0,2,0,1,0,5,0,0,0,5,1,38,6,308,148,0,148,0,101,391,2,2,18
0,2,6,0,0,4,1,0,0,5,1,37,6,0,36,0,36,0,130,390,2,2,18
0,2,6,0,0,2,0,0,0,2,1,32,6,80,40,40,80,0,117,395,2,2,18
0,2,9,1,3,124,21,0,0,145,2,32,6,5095,930,101,1032,0,163,392,2,2,18
0,2,6,0,2,3,0,0,0,3,1,32,6,0,91,0,91,0,141,394,2,2,18
0,2,9,1,0,5,0,0,0,5,1,27,6,0,75,63,139,0,117,397,2,2,18
0,2,7,0,3,6,3,0,0,9,1,27,4,2184,371,259,630,0,3,303,2,2,9
0,2,4,1,2,4,0,0,0,4,1,27,6,1653,164,164,329,0,154,304,2,2,9
0,2,9,1,0,15,2,0,0,17,1,27,6,4729,452,738,1190,0,87,302,2,2,9
0,2,9,1,0,4,0,0,0,4,1,30,6,3479,481,371,852,0,98,16,1,2,3
0,2,9,1,2,5,6,0,0,11,1,27,6,3193,377,113,490,0,26,276,2,2,3
0,2,0,0,2,0,1,0,0,1,1,27,6,0,220,0,220,0,19,279,2,2,3
0,4,9,1,0,7,1,0,0,8,1,27,6,1322,258,145,404,0,6,17,1,2,3
0,2,0,1,2,8,2,0,0,10,1,27,6,1580,458,298,756,0,159,278,2,2,3
0,4,7,0,3,4,1,0,0,5,1,27,0,2031,444,40,484,0,99,277,2,2,3
0,2,5,1,3,3,6,0,0,9,1,27,15,1061,161,34,195,0,64,280,2,2,3
0,2,0,0,2,4,0,0,0,4,1,27,6,0,44,425,470,0,31,508,2,2,33
0,2,0,1,2,2,0,0,0,2,1,27,0,1431,279,107,387,0,67,510,2,2,33
0,2,0,1,0,7,4,0,0,11,1,26,15,2803,62,176,238,0,31,553,2,2,33
0,2,0,0,2,7,0,0,0,7,1,27,6,0,38,38,77,0,125,538,2,2,33
0,2,9,1,3,15,3,0,0,18,1,40,0,6879,1582,0,1582,0,30,509,2,2,33
0,2,9,1,3,6,1,0,0,7,1,18,6,1396,183,2013,2196,0,37,562,2,2,33
0,2,9,1,3,5,0,0,0,5,1,27,6,1114,160,60,221,0,6,55,1,2,33
0,2,6,0,2,3,2,0,0,5,1,32,6,0,52,0,52,0,129,561,2,2,33
0,2,7,0,3,8,8,0,0,16,1,18,21,18384,2345,16737,19083,0,7,560,2,2,33
0,2,9,1,3,10,0,0,0,10,1,32,0,1203,673,0,673,0,37,559,2,2,33
0,2,7,0,3,20,25,0,0,45,1,17,0,18384,2345,16737,19083,0,7,560,2,2,33
0,2,6,0,2,3,0,0,0,3,1,13,0,0,186,215,401,0,62,536,2,2,33
0,2,9,1,0,24,7,0,0,31,1,0,0,9996,1703,1496,3199,0,13,534,2,2,33
0,4,0,1,1,4,4,0,0,8,1,0,0,7273,750,0,750,0,18,535,2,2,33
0,2,9,1,0,13,2,0,0,15,1,9,0,9660,444,3364,3808,0,62,537,2,2,33
0,2,0,1,3,16,1,0,0,17,1,0,9,22906,1496,2137,3633,0,30,531,2,2,33
0,2,9,1,0,20,0,0,0,20,1,9,0,5468,1516,1457,2973,0,13,530,2,2,33
0,2,9,1,0,8,1,0,0,9,1,0,0,12053,1376,986,2363,0,30,529,2,2,33
0,2,0,0,2,3,1,3,0,7,1,0,0,0,329,191,520,0,100,533,2,2,33
0,2,0,0,2,1,0,0,0,1,1,0,6,0,198,0,198,0,23,532,2,2,33
0,2,0,1,2,3,0,0,0,3,1,27,22,1616,103,209,312,0,9,539,2,2,33
0,2,0,1,3,6,1,0,0,7,1,0,18,22252,508,192,700,0,87,540,2,2,33
0,2,9,1,0,3,1,0,0,4,1,12,0,800,198,0,198,0,92,542,2,2,33
0,2,9,1,3,5,1,0,0,6,1,9,0,2155,400,221,621,0,48,543,2,2,33
0,4,9,1,0,10,5,0,0,15,1,12,0,1167,330,50,380,0,17,546,2,2,33
0,2,9,1,0,11,11,0,0,22,1,9,0,2102,231,990,1222,0,3,545,2,2,33
0,2,4,0,0,4,0,1,0,5,1,0,6,1669,276,378,654,0,101,544,2,2,33
0,2,9,1,3,20,2,0,0,22,1,0,1,14592,552,452,1005,0,92,53,1,2,33
0,2,2,0,0,11,0,0,0,11,1,0,0,2242,423,91,514,0,92,541,2,2,33
0,2,6,0,3,6,6,0,0,12,1,18,0,4279,773,2438,3211,0,3,554,2,2,33
0,2,9,1,3,28,52,0,0,80,2,18,7,7139,3393,4454,7848,0,35,555,2,2,33
0,4,0,1,3,6,3,0,0,9,1,27,0,6545,125,622,747,0,14,550,2,2,33
0,2,0,0,2,2,1,0,0,3,1,0,22,0,196,196,392,0,40,548,2,2,33
0,2,2,0,0,2,1,0,0,3,1,0,22,0,196,0,196,0,129,549,2,2,33
0,2,9,1,0,9,0,0,0,9,1,12,0,7127,1365,661,2026,0,30,547,2,2,33
0,2,9,1,0,15,3,0,0,18,1,9,0,4900,360,0,360,0,83,552,2,2,33
0,2,5,1,0,11,2,0,0,13,1,9,0,5522,1413,1186,2599,0,55,551,2,2,33
0,2,9,1,0,1,4,0,0,5,1,9,14,996,231,0,231,0,20,54,1,2,33
0,2,8,0,0,5,0,0,0,5,1,27,22,0,88,220,308,0,47,564,2,2,33
0,2,9,1,0,2,3,0,0,5,1,9,0,1550,241,70,311,0,84,528,2,2,33
0,2,9,1,0,14,0,0,0,14,1,2,0,24526,2531,21994,24526,0,11,511,2,2,33
1,1,4,1,0,17,1,0,0,18,1,9,0,3169,467,308,776,0,28,512,2,2,33
1,1,9,1,3,11,3,0,0,14,1,6,0,6816,455,843,1299,0,62,518,2,2,33
1,1,3,1,3,16,1,6,0,23,1,6,0,11571,1339,1434,2773,0,88,515,2,2,33
1,1,0,1,0,18,0,0,0,18,1,6,0,6618,1933,566,2499,0,127,526,2,2,33
1,1,1,1,3,13,19,2,0,34,1,0,0,2698,1487,694,2181,0,7,524,2,2,33
1,1,5,1,0,7,0,0,0,7,1,6,0,3296,811,117,928,0,129,525,2,2,33
1,1,9,1,3,4,1,0,0,5,1,9,0,4961,990,7,997,0,67,516,2,2,33
1,1,4,1,0,27,3,0,0,30,1,0,0,13337,2652,2011,4663,0,55,527,2,2,33
1,1,5,1,3,3,2,6,1,12,1,0,0,6519,936,690,1626,0,67,520,2,2,33
1,1,1,1,3,14,6,0,0,20,1,6,0,2601,663,484,1148,0,3,519,2,2,33
1,1,0,0,0,5,1,0,0,6,1,6,0,2592,1294,194,1488,0,12,517,2,2,33
1,1,4,1,0,9,0,0,0,9,1,9,0,3263,810,175,985,0,90,513,2,2,33
1,1,2,0,3,3,1,0,0,4,1,0,0,0,250,0,250,0,139,525,2,2,33
1,1,1,1,0,3,3,0,0,6,1,0,0,2592,974,455,1429,0,4,52,1,2,33
1,1,5,1,3,8,2,0,0,10,1,6,0,1983,1189,294,1484,0,3,521,2,2,33
1,1,0,1,3,36,11,0,0,47,1,6,0,15765,3743,5780,9524,0,33,514,2,2,33
1,1,2,0,0,3,1,2,0,6,1,0,0,3330,318,702,1020,0,6,522,2,2,33
1,1,0,1,3,5,1,0,0,6,1,24,0,2625,1278,272,1551,0,104,523,2,2,33
0,2,9,1,3,9,1,0,0,10,1,9,0,1157,264,231,495,0,129,556,2,2,33
0,2,9,1,0,3,0,0,0,3,1,9,0,1610,202,0,202,0,48,557,2,2,33
0,2,9,1,3,24,2,0,0,26,1,9,0,21043,2452,3497,5950,0,30,558,2,2,33
0,2,6,0,0,9,0,0,0,9,1,15,20,10770,250,4447,4697,0,149,563,2,2,33
0,2,0,1,0,95,5,0,0,100,2,0,14,23649,9180,2821,12002,0,0,371,2,2,17
0,2,9,1,0,258,108,0,0,366,0,0,14,4585,289,399,688,0,3,370,2,2,17
0,2,0,1,0,5,0,0,0,5,1,0,6,4049,368,102,470,0,99,343,2,2,17
0,2,9,1,0,12,1,0,0,13,1,9,14,1389,399,94,494,0,88,339,2,2,17
0,2,0,0,0,3,5,0,0,8,1,0,23,0,81,53,135,0,65,333,2,2,17
0,2,9,1,0,5,1,0,0,6,1,0,6,879,292,33,326,0,132,29,1,2,17
0,2,9,0,0,19,3,0,0,22,1,9,0,13356,653,460,1114,0,88,341,2,2,17
0,2,3,1,2,3,0,0,0,3,1,0,0,1643,419,0,419,0,154,338,2,2,17
0,2,0,1,0,4,0,0,0,4,1,9,6,457,154,21,176,0,109,332,2,2,17
0,2,6,0,2,3,1,0,0,4,1,0,0,578,375,0,375,0,109,342,2,2,17
0,2,9,1,0,10,2,0,0,12,1,9,0,4990,368,151,519,0,87,334,2,2,17
0,2,9,1,2,9,1,0,0,10,1,9,14,5096,479,0,479,0,140,335,2,2,17
0,4,9,1,0,4,1,0,0,5,1,13,0,5749,432,602,1034,0,78,344,2,2,17
0,4,3,1,3,3,0,0,0,3,1,0,0,2927,351,382,733,0,30,340,2,2,17
0,2,0,1,2,2,2,0,0,4,1,0,14,803,135,36,171,0,70,337,2,2,17
0,2,9,1,0,4,1,0,0,5,1,9,0,791,330,127,457,0,127,336,2,2,17
0,2,6,0,0,3,1,0,0,4,1,9,23,132,66,66,132,0,130,30,1,2,17
0,2,9,1,0,17,6,0,0,23,1,27,7,6614,686,1028,1714,0,21,358,2,2,17
0,2,9,1,2,14,1,0,0,15,1,9,6,840,334,113,447,0,140,359,2,2,17
0,2,6,0,2,1,1,0,0,2,1,0,22,1754,300,526,827,0,17,367,2,2,17
0,2,9,1,0,22,7,0,0,29,1,18,6,6348,735,2351,3087,0,78,32,1,2,17
0,4,5,1,3,10,5,0,0,15,1,0,15,4754,415,735,1151,0,39,368,2,2,17
0,2,9,1,0,18,4,0,0,22,1,0,0,24507,756,3576,4332,0,87,365,2,2,17
0,4,9,1,0,8,1,0,0,9,1,9,0,4900,660,1200,1860,0,87,365,2,2,17
0,4,3,1,3,8,0,0,0,8,1,13,0,4245,253,424,678,0,3,362,2,2,17
0,2,0,1,0,3,0,0,0,3,1,13,6,8878,561,1028,1590,0,3,361,2,2,17
0,2,0,1,2,4,0,0,0,4,1,0,0,0,475,91,566,0,90,364,2,2,17
0,2,0,1,2,2,1,0,0,3,1,0,0,0,487,219,706,0,14,366,2,2,17
0,2,9,1,0,5,2,0,0,7,1,9,0,9000,1500,0,1500,0,92,363,2,2,17
0,4,9,1,0,21,5,0,0,26,1,9,0,10088,1360,488,1848,0,89,360,2,2,17
0,4,0,1,0,14,2,0,0,16,1,0,0,10012,490,500,990,0,87,326,2,2,17
0,2,9,1,0,3,2,0,0,5,1,9,0,5411,853,164,1017,0,88,324,2,2,17
0,2,2,0,0,5,0,0,0,5,1,13,6,0,396,0,396,0,100,323,2,2,17
0,2,6,0,0,2,1,0,0,3,1,0,6,300,98,0,98,0,118,325,2,2,17
0,2,9,1,0,18,2,0,0,20,1,9,0,7157,1671,355,2026,0,88,384,2,2,17
0,2,9,1,0,3,0,0,0,3,1,0,0,4208,1815,40,1855,0,92,382,2,2,17
0,2,9,1,0,23,2,0,0,25,1,9,0,11035,459,1377,1836,0,87,383,2,2,17
0,2,9,1,2,14,0,0,0,14,1,9,14,5948,2361,109,2470,0,112,381,2,2,17
0,2,9,1,3,14,0,0,0,14,1,9,15,5498,2361,109,2470,0,14,381,2,2,17
0,2,9,1,0,3,7,0,0,10,1,9,14,771,198,306,504,0,20,357,2,2,17
0,2,9,1,3,3,3,0,0,6,1,0,0,2835,515,222,737,0,32,356,2,2,17
0,2,9,1,0,11,0,0,0,11,1,9,0,2748,598,204,803,0,150,355,2,2,17
0,4,9,0,3,1,2,0,0,3,1,0,15,414,77,0,77,0,23,322,2,2,17
0,2,2,0,0,2,0,0,0,2,1,27,6,0,165,0,165,0,36,321,2,2,17
0,2,0,1,3,28,4,0,0,32,1,27,0,24079,1496,1596,3092,0,87,320,2,2,17
0,2,0,0,0,2,1,0,0,3,1,36,6,0,37,57,94,0,129,369,2,2,17
0,2,2,0,0,7,2,0,0,9,1,9,0,2780,686,217,903,0,3,349,2,2,17
0,2,2,0,0,5,0,0,0,5,1,9,15,2557,195,0,195,0,79,347,2,2,17
0,2,2,0,3,2,0,0,0,2,1,0,0,0,650,0,650,0,53,350,2,2,17
0,2,0,1,0,12,2,0,0,14,1,0,0,21337,737,264,1001,0,88,348,2,2,17
0,2,0,1,2,6,0,0,0,6,1,0,6,725,252,237,490,0,99,346,2,2,17
0,2,3,1,3,12,20,0,0,32,1,0,15,12494,2640,2693,5333,0,65,373,2,2,17
0,2,2,0,2,5,2,0,0,7,1,0,14,0,231,2542,2773,0,3,372,2,2,17
0,2,9,1,0,4,1,0,0,5,1,9,0,13310,1418,4263,5681,0,17,327,2,2,17
0,2,9,1,0,0,0,0,0,0,1,11,14,403,263,182,445,0,93,345,2,2,17
0,4,5,1,3,34,3,0,0,37,1,0,0,2381,635,224,860,0,135,354,2,2,17
0,2,9,1,0,1,3,0,0,4,1,9,0,4260,978,614,1593,0,26,31,1,2,17
0,2,0,1,2,1,0,0,0,1,1,0,6,2199,364,404,768,0,11,351,2,2,17
0,2,7,0,0,3,2,0,0,5,1,0,6,313,297,16,313,0,124,352,2,2,17
0,2,9,1,0,6,0,0,0,6,1,9,0,5677,660,985,1645,0,62,353,2,2,17
0,2,6,0,0,6,5,0,0,11,1,9,0,1607,260,124,385,0,91,387,2,2,17
0,2,9,1,0,11,5,0,0,16,1,37,0,4431,492,1284,1777,0,32,386,2,2,17
0,2,9,1,3,18,0,0,0,18,1,9,14,4317,534,323,857,0,75,385,2,2,17
0,2,9,1,2,4,1,0,0,5,1,27,6,742,289,0,289,0,100,389,2,2,17
0,2,0,1,0,3,0,0,0,3,1,27,14,1432,394,171,565,0,154,388,2,2,17
0,2,9,1,0,11,1,0,0,12,1,9,0,1719,328,190,518,0,154,33,1,2,17
0,2,9,1,0,19,0,0,0,19,1,9,0,6620,1050,1977,3027,0,75,375,2,2,17
0,2,4,1,0,3,2,0,0,5,1,0,6,851,496,183,679,0,20,374,2,2,17
0,2,0,1,3,25,20,0,0,45,1,9,0,3187,2104,443,2548,0,20,379,2,2,17
0,2,2,0,0,6,1,0,0,7,1,0,0,3986,720,304,1024,0,75,380,2,2,17
0,2,6,0,0,3,0,0,0,3,1,0,6,1649,180,180,360,0,47,377,2,2,17
0,2,0,1,0,9,1,0,0,10,1,0,12,5078,990,585,1575,0,144,378,2,2,17
0,2,9,1,0,10,2,0,0,12,1,9,0,8731,2261,385,2646,0,160,376,2,2,17
0,2,9,1,3,8,0,0,0,8,1,9,0,4921,1240,0,1240,0,92,328,2,2,17
0,4,9,1,0,5,0,0,0,5,1,0,0,4034,1052,938,1990,0,84,329,2,2,17
0,2,9,1,0,4,2,0,0,6,1,9,0,986,200,81,281,0,3,331,2,2,17
0,2,6,0,2,2,1,0,0,3,1,0,23,0,50,16,66,0,131,330,2,2,17
0,2,9,1,0,8,1,0,0,9,1,9,0,6617,1513,1093,2606,0,49,233,2,2,1
0,2,6,0,3,3,1,0,0,4,1,0,3,3484,678,225,903,0,11,12,1,2,1
0,2,0,1,2,5,5,0,0,10,1,27,6,3058,384,129,513,0,29,236,2,2,1
0,2,9,1,0,3,9,0,0,12,1,27,0,3951,1480,740,2220,0,9,235,2,2,1
0,2,9,1,0,4,0,0,0,4,1,0,0,2340,1500,0,1500,0,92,234,2,2,1
0,2,0,1,0,6,6,0,0,12,1,0,0,1823,482,280,763,0,13,230,2,2,1
0,4,0,1,3,0,5,0,0,5,1,0,6,256,96,3,99,0,23,231,2,2,1
0,2,6,0,2,3,0,0,0,3,1,0,14,0,90,75,165,0,128,232,2,2,1
0,2,2,0,2,1,0,0,0,1,1,0,14,2445,498,0,498,0,151,232,2,2,1
0,2,9,1,0,3,2,0,0,5,1,0,0,2200,296,97,393,0,17,241,2,2,1
0,2,9,1,0,20,5,0,0,25,1,0,0,13178,4636,2363,7000,0,8,262,2,2,1
0,2,9,1,0,14,0,0,0,14,1,0,0,11756,366,494,860,0,87,260,2,2,1
0,2,0,1,0,13,2,0,0,15,1,0,0,30713,2601,2383,4985,0,94,259,2,2,1
0,2,9,1,0,15,15,0,0,30,1,9,0,9757,1614,990,2604,0,55,15,1,2,1
0,2,5,1,0,3,1,0,0,4,1,0,0,9709,1323,346,1669,0,72,261,2,2,1
0,2,9,1,3,6,3,0,0,9,1,9,0,7246,1695,396,2092,0,88,258,2,2,1
1,1,0,0,3,1,0,0,0,1,1,9,0,0,50,0,50,0,67,269,2,2,1
1,1,2,0,0,2,1,0,0,3,1,6,0,0,330,0,330,0,128,271,2,2,1
1,1,1,1,0,4,2,0,0,6,1,6,0,4015,2148,251,2399,0,55,272,2,2,1
1,1,4,1,0,16,4,0,0,20,1,0,0,5312,2801,147,2949,0,55,14,1,2,1
1,1,5,1,0,8,15,0,0,23,1,9,0,2175,513,445,958,0,26,273,2,2,1
1,1,0,1,0,9,0,1,0,10,1,6,0,3281,97,1894,1991,0,65,274,2,2,1
1,1,2,0,3,3,3,0,0,6,1,0,0,0,480,0,480,0,108,268,2,2,1
1,1,0,1,0,10,2,0,0,12,1,19,0,8181,391,2179,2570,0,76,265,2,2,1
1,1,4,1,0,36,34,0,0,70,2,0,0,6458,2037,1263,3300,0,0,263,2,2,1
1,1,2,0,3,5,1,0,0,6,1,0,0,0,480,0,480,0,147,266,2,2,1
1,1,2,0,0,4,2,0,0,6,1,6,0,0,63,91,155,0,15,274,2,2,1
1,1,1,1,0,7,1,0,0,8,1,9,0,3900,987,595,1583,0,72,264,2,2,1
1,1,2,0,0,4,2,0,0,6,1,0,0,0,480,0,480,0,61,267,2,2,1
1,1,2,0,0,10,0,0,0,10,1,9,0,372,372,0,372,0,8,270,2,2,1
1,1,2,0,0,0,0,0,0,0,1,9,0,0,480,0,480,0,144,265,2,2,1
1,1,8,0,3,12,2,0,0,14,1,9,0,7306,2880,1877,4757,0,55,275,2,2,1
0,2,6,0,2,2,3,0,0,5,1,41,6,911,237,212,449,0,7,13,1,2,1
0,2,6,0,0,1,6,0,0,7,1,18,0,411,305,31,337,0,5,239,2,2,1
0,2,4,1,2,3,6,0,0,9,1,0,0,4040,247,705,952,0,6,240,2,2,1
0,2,6,0,2,15,1,0,0,16,1,27,14,1241,198,48,246,0,124,237,2,2,1
0,4,0,1,3,5,0,0,0,5,1,0,22,4822,1022,455,1478,0,11,238,2,2,1
1,3,4,1,1,13,2,0,0,15,1,23,0,9642,1774,2765,4539,0,39,252,2,2,1
1,3,4,1,3,8,1,0,0,9,1,18,0,1650,297,462,759,0,65,251,2,2,1
1,3,4,1,0,49,18,1,0,68,2,18,0,10383,4208,1770,5979,0,11,249,2,2,1
1,3,4,1,3,13,1,0,0,14,1,23,0,5473,1825,1290,3116,0,39,245,2,2,1
1,3,4,1,3,10,2,0,0,12,1,18,0,14770,2003,1846,3849,0,39,247,2,2,1
1,3,4,1,3,12,7,0,0,19,1,18,0,2004,834,555,1389,0,65,246,2,2,1
1,3,8,0,3,3,1,0,0,4,1,8,0,98,56,42,98,0,65,256,2,2,1
1,3,4,1,3,8,2,0,0,10,1,18,0,3054,942,562,1505,0,65,250,2,2,1
1,3,8,0,3,3,0,0,0,3,1,8,0,98,33,28,61,0,29,254,2,2,1
1,3,8,0,3,1,1,0,0,2,1,5,0,98,85,13,98,0,39,257,2,2,1
1,3,8,0,3,1,1,0,0,2,1,0,0,225,225,0,225,0,28,253,2,2,1
1,3,8,0,3,3,2,0,0,5,1,8,0,421,98,323,421,0,65,255,2,2,1
1,3,4,1,3,29,4,0,0,33,0,5,0,29999,23643,4563,28207,0,39,248,2,2,1
0,2,9,1,3,4,5,0,0,9,1,9,0,3452,644,293,938,0,5,243,2,2,1
0,2,9,1,2,3,0,0,0,3,1,9,0,803,367,224,591,0,5,242,2,2,1
0,2,3,1,3,3,5,0,0,8,1,18,6,1079,669,110,779,0,7,244,2,2,1
0,2,3,1,0,2,0,4,0,6,1,0,14,6702,476,74,550,0,88,464,2,2,28
0,2,0,1,2,5,0,0,0,5,1,0,6,7664,439,408,847,0,88,463,2,2,28
0,2,0,1,2,2,8,0,0,10,1,38,6,682,286,272,558,0,18,459,2,2,28
0,2,6,0,2,5,5,0,0,10,1,9,14,419,220,199,419,0,65,43,1,2,28
0,2,6,0,2,4,1,0,0,5,1,27,0,1319,198,0,198,0,75,462,2,2,28
0,2,5,1,2,4,0,0,0,4,1,0,6,1362,281,57,338,0,99,460,2,2,28
0,4,0,0,3,4,1,0,0,5,1,26,6,2195,378,18,396,0,75,461,2,2,28
0,2,0,0,0,10,0,0,0,10,1,9,22,6022,1245,1158,2404,0,144,475,2,2,28
0,2,9,1,3,8,11,0,0,19,1,0,9,9929,1600,2917,4518,0,46,477,2,2,28
0,4,2,0,0,3,0,0,0,3,1,0,0,25368,8210,2780,10991,0,101,470,2,2,28
0,2,9,1,3,3,1,0,0,4,1,9,0,6384,194,117,311,0,88,471,2,2,28
0,2,9,1,0,18,6,0,0,24,1,9,0,22878,540,5088,5628,0,62,476,2,2,28
0,2,0,1,3,5,1,0,0,6,1,0,13,4460,1335,0,1335,0,92,474,2,2,28
0,2,6,0,0,3,6,0,0,9,1,9,0,2717,311,326,637,0,9,472,2,2,28
0,2,0,1,0,9,1,0,0,10,1,0,0,4873,342,160,502,0,87,473,2,2,28
0,2,0,1,3,2,8,0,0,10,1,0,0,2567,872,128,1001,0,62,480,2,2,28
0,2,0,1,0,10,1,0,0,11,1,0,12,3866,144,197,341,0,117,485,2,2,28
0,2,0,1,3,4,8,0,0,12,1,0,0,2759,1019,1141,2161,0,39,479,2,2,28
0,2,6,0,2,2,0,0,0,2,1,0,12,0,54,0,54,0,117,486,2,2,28
0,2,0,1,0,6,1,0,0,7,1,9,0,1501,242,244,487,0,143,45,1,2,28
0,2,0,1,3,8,7,0,0,15,1,0,0,3032,604,255,859,0,3,46,1,2,28
0,2,0,1,2,2,2,0,0,4,1,0,6,1103,330,0,330,0,11,481,2,2,28
0,2,9,1,2,2,0,0,0,2,1,9,14,941,195,162,357,0,154,484,2,2,28
0,2,0,1,2,4,1,0,0,5,1,27,6,1748,342,0,342,0,98,478,2,2,28
0,4,0,1,3,4,1,0,0,5,1,37,0,2299,310,105,416,0,59,483,2,2,28
0,2,0,1,0,13,0,0,0,13,1,0,0,3304,491,352,843,0,138,482,2,2,28
0,2,9,0,3,12,4,0,0,16,1,9,0,14462,236,1219,1455,0,87,491,2,2,28
0,2,9,1,3,10,2,0,0,12,1,0,6,17176,1680,447,2127,0,90,47,1,2,28
0,2,9,1,0,13,2,0,0,15,1,9,0,10612,1930,1126,3057,0,90,493,2,2,28
0,2,0,1,0,3,2,0,0,5,1,30,7,4942,483,1191,1674,0,111,487,2,2,28
0,2,2,0,0,2,3,0,0,5,1,9,14,2877,315,691,1006,0,26,497,2,2,28
0,2,9,1,0,9,0,0,0,9,1,27,0,10512,931,4465,5396,0,62,489,2,2,28
0,2,0,1,0,3,2,0,0,5,1,0,6,3082,494,0,494,0,20,495,2,2,28
0,2,1,1,3,10,0,0,0,10,1,0,0,3290,1114,163,1278,0,74,492,2,2,28
0,2,9,1,3,14,1,0,0,15,1,9,0,9305,2224,1781,4005,0,55,490,2,2,28
0,2,5,1,3,2,2,0,0,4,1,27,15,1463,185,0,185,0,24,496,2,2,28
0,2,0,1,0,12,14,0,0,26,1,0,0,2565,793,709,1502,0,20,494,2,2,28
0,2,0,0,2,2,0,0,0,2,1,27,0,0,152,17,170,0,53,488,2,2,28
0,2,3,1,3,2,7,0,0,9,1,0,0,2789,666,446,1113,0,20,442,2,2,28
0,2,0,1,0,5,1,0,0,6,1,0,0,4556,631,477,1109,0,73,443,2,2,28
0,4,9,1,3,4,1,0,0,5,1,0,0,4106,132,937,1069,0,11,41,1,2,28
0,2,0,1,2,4,1,0,0,5,1,0,6,2353,216,60,276,0,102,444,2,2,28
0,2,0,1,3,23,19,0,0,42,1,0,0,38076,5541,4284,9825,0,11,441,2,2,28
0,2,9,1,0,9,1,0,0,10,1,9,0,15930,639,2071,2711,0,87,445,2,2,28
0,2,2,0,0,4,1,0,0,5,1,9,6,2178,120,0,120,0,90,449,2,2,28
0,2,0,0,0,6,1,0,0,7,1,0,0,8800,1483,323,1807,0,90,446,2,2,28
0,2,3,1,2,5,5,0,0,10,1,0,0,4235,473,304,777,0,1,448,2,2,28
0,2,9,1,0,2,1,0,0,3,1,0,0,1795,115,453,569,0,6,447,2,2,28
0,4,7,0,0,5,5,0,0,10,1,0,12,7969,2018,871,2890,0,78,465,2,2,28
0,4,9,1,0,13,2,0,0,15,1,0,0,9990,3230,11,3241,0,101,44,1,2,28
0,2,0,0,2,4,0,0,0,4,1,0,14,0,293,0,293,0,157,467,2,2,28
0,4,7,0,3,6,2,0,0,8,1,0,0,7435,576,998,1574,0,100,468,2,2,28
0,4,0,1,0,60,20,0,0,80,2,0,0,28597,2400,4262,6662,0,35,469,2,2,28
0,2,9,1,0,8,2,0,0,10,1,9,0,9154,1297,933,2230,0,102,466,2,2,28
0,2,9,1,0,11,0,0,0,11,1,9,0,7200,301,832,1134,0,3,439,2,2,28
0,2,0,1,0,335,78,0,0,413,0,6,0,79437,16510,15198,31709,0,38,440,2,2,28
0,2,0,1,0,4,1,0,0,5,1,0,6,4227,453,285,738,0,75,450,2,2,28
0,2,9,1,0,0,0,0,0,0,1,9,0,2367,356,355,711,0,162,452,2,2,28
0,2,9,1,0,5,0,0,0,5,1,9,0,3807,491,0,491,0,61,458,2,2,28
0,2,9,1,0,0,0,0,0,0,1,9,0,6500,425,50,475,0,88,42,1,2,28
0,2,4,1,0,7,0,0,0,7,1,13,14,7328,480,267,747,0,62,457,2,2,28
0,2,9,1,0,10,20,0,0,30,1,9,14,7185,1535,667,2202,0,5,453,2,2,28
0,2,9,1,3,16,2,10,0,28,1,0,0,26274,1638,358,1996,0,89,456,2,2,28
0,2,9,1,2,2,1,0,0,3,1,0,14,659,198,40,238,0,11,454,2,2,28
0,2,6,0,2,2,1,0,0,3,1,0,6,0,199,0,199,0,134,451,2,2,28
0,2,9,1,2,1,1,0,0,2,1,9,6,872,165,0,165,0,28,455,2,2,28
0,2,6,0,0,4,3,0,0,7,1,0,14,1272,147,17,165,0,144,507,2,2,32
0,2,6,0,2,2,1,0,0,3,1,27,14,0,99,2,101,0,129,505,2,2,32
0,2,9,1,3,43,17,0,0,60,2,9,15,10221,1369,1124,2493,0,26,502,2,2,32
0,2,2,0,0,5,1,0,0,6,1,9,0,9977,1204,533,1738,0,17,49,1,2,32
0,2,0,0,0,3,3,0,0,6,1,9,14,1267,98,397,496,0,84,51,1,2,32
0,2,9,1,0,4,6,0,0,10,1,27,0,2443,443,208,651,0,7,504,2,2,32
0,4,9,1,3,4,0,0,0,4,1,9,0,1522,191,43,235,0,100,503,2,2,32
0,2,9,1,3,4,16,0,0,20,1,9,0,3163,1058,328,1387,0,69,50,1,2,32
0,2,6,0,2,4,6,0,0,10,1,0,6,460,183,0,183,0,20,506,2,2,32
0,2,9,1,0,0,0,15,0,15,1,9,0,2795,443,598,1042,0,6,498,2,2,29
0,2,4,1,0,4,2,0,0,6,1,0,6,330,95,0,95,0,7,501,2,2,29
0,2,0,0,2,2,0,0,0,2,1,0,6,0,95,42,137,0,7,501,2,2,29
0,2,9,1,0,6,0,0,0,6,1,9,15,1664,327,218,545,0,5,499,2,2,29
0,2,0,1,2,2,1,0,0,3,1,0,6,672,336,0,336,0,7,500,2,2,29
0,2,9,1,0,5,15,0,0,20,1,9,2,5852,1019,1815,2834,0,6,48,1,2,29
0,2,2,0,0,4,1,0,0,5,1,32,6,85,85,0,85,0,133,137,2,1,12
0,2,6,0,2,1,0,0,0,1,1,31,6,146,114,32,146,0,29,136,2,1,12
0,2,9,1,3,8,4,0,0,12,1,18,0,952,307,1290,1597,0,5,139,2,1,12
0,2,9,1,2,1,0,0,0,1,1,32,6,274,122,0,122,0,27,135,2,1,12
0,2,9,1,0,10,8,0,0,18,1,22,14,6512,903,2392,3296,0,5,140,2,1,12
0,2,9,1,3,9,0,0,0,9,1,18,6,3495,291,5524,5815,0,37,138,2,1,12
0,2,9,1,0,7,0,0,0,7,1,27,14,1526,198,101,299,0,50,133,2,1,10
0,2,9,1,0,11,3,0,0,14,1,41,6,588,194,66,260,0,80,132,2,1,10
0,2,7,0,2,4,1,0,0,5,1,33,6,0,36,184,221,0,117,134,2,1,10
0,2,2,0,3,6,1,0,0,7,1,18,0,2452,1162,176,1339,0,75,186,2,1,30
0,2,5,1,3,4,1,0,0,5,1,18,0,1623,640,337,977,0,147,188,2,1,30
0,2,2,0,2,5,0,0,0,5,1,27,6,1972,330,68,398,0,144,4,1,1,30
0,2,5,1,0,8,1,0,0,9,1,18,0,1644,472,157,630,0,127,189,2,1,30
0,2,9,1,0,10,2,0,0,12,1,18,0,18181,683,2059,2743,0,87,179,2,1,30
0,2,6,0,0,2,2,0,0,4,1,18,0,484,285,3,288,0,64,194,2,1,30
0,4,0,1,3,3,7,0,0,10,1,18,0,2480,422,608,1030,0,7,197,2,1,30
0,2,0,1,3,10,5,0,0,15,1,18,0,1832,498,370,869,0,11,187,2,1,30
0,2,4,1,3,10,5,0,0,15,1,18,0,1882,463,30,493,0,11,183,2,1,30
0,2,0,0,3,4,1,0,0,5,1,18,0,1057,871,186,1057,0,11,196,2,1,30
0,2,3,1,0,3,2,0,0,5,1,21,0,1058,496,163,660,0,67,184,2,1,30
0,2,0,1,2,1,2,0,0,3,1,18,0,277,165,130,296,0,112,191,2,1,30
0,2,6,0,2,3,0,0,0,3,1,18,0,0,231,0,231,0,100,192,2,1,30
0,2,9,1,0,4,1,0,0,5,1,18,0,1453,396,100,496,0,152,190,2,1,30
0,2,6,0,0,7,5,0,0,12,1,27,6,0,393,0,393,0,57,180,2,1,30
0,2,9,1,2,5,3,0,0,8,1,18,0,1134,468,0,468,0,7,181,2,1,30
0,2,3,1,0,11,2,0,0,13,1,18,0,5309,536,485,1021,0,87,5,1,1,30
0,2,9,1,0,4,1,0,0,5,1,18,0,714,59,250,309,0,67,195,2,1,30
0,2,3,1,3,3,2,0,0,5,1,18,0,2914,1597,187,1785,0,5,6,1,1,30
0,2,0,0,2,3,0,0,0,3,1,18,0,0,160,33,193,0,61,193,2,1,30
0,2,0,1,0,8,1,0,0,9,1,18,0,0,1127,572,1699,0,25,182,2,1,30
0,2,2,0,0,2,2,0,0,4,1,18,0,284,165,0,165,0,4,185,2,1,30
0,2,6,0,2,4,2,0,0,6,1,30,6,496,193,0,193,0,144,178,2,1,30
0,2,9,1,0,3,1,0,0,4,1,18,0,1014,600,227,827,0,144,7,1,1,30
0,2,9,1,0,10,5,0,0,15,1,27,15,9645,1841,614,2456,0,17,95,2,1,5
0,2,9,0,2,0,0,2,0,2,1,27,14,2525,98,36,135,0,85,96,2,1,5
0,2,9,1,0,5,0,0,0,5,1,15,14,1395,355,1104,1460,0,37,131,2,1,5
0,2,9,1,3,2,1,0,0,3,1,15,6,2192,363,333,697,0,11,129,2,1,5
0,2,0,0,2,4,1,0,0,5,1,27,6,309,43,55,99,0,125,130,2,1,5
0,2,0,1,2,5,0,0,0,5,1,0,14,4016,160,468,628,0,89,102,2,1,5
0,2,6,0,0,5,0,0,0,5,1,0,0,1133,166,1,168,0,30,105,2,1,5
0,2,9,1,0,8,1,0,0,9,1,9,0,11048,822,155,977,0,90,103,2,1,5
0,2,2,0,0,5,0,0,0,5,1,0,0,5501,264,282,546,0,92,104,2,1,5
0,2,9,1,3,9,1,0,0,10,1,9,6,1561,330,240,570,0,144,109,2,1,5
0,2,9,1,0,5,0,0,0,5,1,0,0,24315,2340,6241,8582,0,22,108,2,1,5
0,4,3,1,0,9,9,0,0,18,1,0,15,4991,689,684,1373,0,5,111,2,1,5
0,4,0,1,3,0,0,13,0,13,1,0,0,2300,1008,111,1120,0,5,110,2,1,5
1,1,4,1,0,10,1,0,0,11,1,10,0,1755,319,84,404,0,129,119,2,1,5
1,1,1,1,3,5,1,0,0,6,1,6,0,3300,1528,395,1923,0,112,127,2,1,5
1,1,2,0,0,24,0,0,0,24,1,9,0,6727,2664,1285,3949,0,54,123,2,1,5
1,1,4,1,0,2,1,0,0,3,1,9,0,7287,240,1122,1362,0,62,122,2,1,5
1,1,5,1,3,3,2,0,0,5,1,6,0,1653,266,192,458,0,30,120,2,1,5
1,1,4,1,3,10,2,0,0,12,1,0,0,1239,395,67,462,0,8,121,2,1,5
1,1,9,1,0,13,1,0,0,14,1,6,0,6179,1014,763,1777,0,30,113,2,1,5
1,1,4,1,3,6,1,0,0,7,1,9,0,5074,750,231,981,0,90,116,2,1,5
1,1,5,1,0,6,2,0,0,8,1,10,0,6210,940,167,1107,0,89,118,2,1,5
1,1,2,0,0,7,1,0,0,8,1,9,0,2735,358,1008,1366,0,108,124,2,1,5
1,1,4,1,0,0,0,0,0,0,1,9,0,5776,2448,3734,6182,0,5,117,2,1,5
1,1,2,0,3,4,0,0,0,4,1,6,0,687,687,0,687,0,127,115,2,1,5
1,1,1,1,0,1,0,0,0,1,1,0,0,4957,1368,234,1602,0,7,112,2,1,5
1,1,3,1,0,18,12,0,0,30,1,0,0,4034,693,1446,2139,0,3,114,2,1,5
1,1,0,1,0,4,5,0,0,9,1,6,0,6087,1530,245,1776,0,9,125,2,1,5
1,1,2,0,3,2,0,0,0,2,1,0,0,0,28,0,28,0,41,119,2,1,5
1,1,6,0,3,2,1,0,0,3,1,0,0,0,264,0,264,0,134,119,2,1,5
1,1,2,0,0,2,0,0,0,2,1,6,0,4957,632,0,632,0,30,112,2,1,5
1,1,9,1,3,6,0,0,0,6,1,6,0,4993,201,2225,2426,0,20,3,1,1,5
1,1,4,1,0,4,6,0,0,10,1,6,0,6460,799,916,1715,0,5,128,2,1,5
1,1,5,1,0,16,4,0,0,20,1,9,0,6274,3075,360,3435,0,55,126,2,1,5
0,2,9,1,0,30,0,0,0,30,1,9,14,10909,805,664,1470,0,3,101,2,1,5
0,2,9,1,2,6,2,0,0,8,1,9,0,1828,383,80,464,0,62,2,1,1,5
0,2,9,1,0,9,2,0,0,11,1,9,0,22044,3189,7169,10359,0,62,90,2,1,5
0,2,9,1,2,8,0,0,0,8,1,27,15,284,17,0,17,0,91,94,2,1,5
0,2,9,1,2,29,6,0,0,35,1,9,6,2635,234,688,922,0,3,1,1,1,5
0,2,6,0,2,4,1,0,0,5,1,0,0,0,66,0,66,0,63,91,2,1,5
0,2,0,0,0,1,1,0,0,2,1,0,0,586,68,0,68,0,86,91,2,1,5
0,2,0,0,0,3,3,0,0,6,1,0,0,7906,1294,3245,4540,0,17,93,2,1,5
0,2,6,0,2,5,0,0,0,5,1,7,6,388,36,49,85,0,66,92,2,1,5
0,2,0,1,3,7,7,0,0,14,1,0,0,2219,247,625,873,0,3,107,2,1,5
0,2,2,0,3,5,1,4,1,11,1,0,0,5197,1122,33,1155,0,90,106,2,1,5
0,4,0,1,0,7,2,0,0,9,1,13,0,9991,2461,451,2912,0,11,99,2,1,5
0,2,6,0,0,2,1,0,0,3,1,0,14,382,97,0,97,0,11,98,2,1,5
0,2,2,0,2,4,1,0,0,5,1,13,0,0,480,518,999,0,7,100,2,1,5
0,2,0,0,2,2,1,0,0,3,1,0,6,166,76,19,96,0,16,97,2,1,5
0,2,1,1,2,10,6,0,0,16,1,9,0,1575,305,413,718,0,3,64,2,1,2
0,2,9,1,3,4,4,0,0,8,1,9,4,1247,173,526,699,0,6,63,2,1,2
0,2,9,1,3,4,1,0,0,5,1,9,6,844,57,0,57,0,91,82,2,1,2
0,2,9,1,0,12,0,0,0,12,1,0,0,5888,2219,996,3215,0,11,88,2,1,2
0,2,0,1,0,10,1,0,0,11,1,9,0,6611,182,427,609,0,31,89,2,1,2
0,2,9,1,0,16,0,0,0,16,1,9,0,15985,4249,34,4284,0,26,83,2,1,2
0,2,3,1,2,10,10,0,0,20,1,0,14,1866,215,1650,1866,0,62,86,2,1,2
0,2,3,1,0,9,1,0,0,10,1,0,14,9766,499,989,1489,0,30,87,2,1,2
0,2,0,1,3,0,0,0,0,0,1,9,0,4298,1512,130,1642,0,62,84,2,1,2
0,4,9,1,3,59,9,0,0,68,2,0,11,80154,9882,8236,18119,0,11,85,2,1,2
0,2,0,1,0,15,2,0,0,17,1,13,0,3177,643,0,643,0,92,65,2,1,2
0,4,0,1,0,10,23,0,0,33,1,0,0,4596,1086,961,2047,0,20,78,2,1,2
0,2,5,1,0,7,1,0,0,8,1,9,0,2600,488,345,833,0,100,80,2,1,2
0,2,9,1,0,14,2,3,0,19,1,9,0,8923,1694,115,1810,0,90,81,2,1,2
0,2,9,1,0,1,1,0,0,2,1,7,0,970,359,204,563,0,57,79,2,1,2
0,2,6,0,2,1,1,0,0,2,1,13,4,215,66,0,66,0,67,72,2,1,2
0,2,9,1,0,8,2,0,0,10,1,0,0,7948,749,1073,1823,0,78,71,2,1,2
0,2,6,0,2,3,1,0,0,4,1,37,6,437,52,42,94,0,139,74,2,1,2
0,2,3,1,2,15,15,0,0,30,1,0,0,1869,416,319,736,0,11,77,2,1,2
0,2,3,1,3,5,7,0,0,12,1,27,0,6208,669,731,1400,0,16,73,2,1,2
0,2,0,1,3,3,0,0,0,3,1,15,0,1200,396,584,980,0,6,75,2,1,2
0,2,6,0,2,5,0,0,0,5,1,0,14,4210,248,29,278,0,124,76,2,1,2
0,2,0,1,0,25,15,0,0,40,1,27,6,492,200,292,492,0,7,68,2,1,2
0,2,0,1,2,2,0,0,0,2,1,0,0,1711,229,259,489,0,32,69,2,1,2
0,2,0,1,0,55,45,0,0,100,2,9,0,10799,3142,953,4096,0,11,70,2,1,2
0,2,3,1,3,3,4,0,0,7,1,27,6,558,1106,327,1434,0,7,67,2,1,2
0,2,9,1,3,5,0,0,0,5,1,9,0,14998,3165,219,3385,0,62,66,2,1,2
0,2,4,1,2,2,1,0,0,3,1,29,6,1501,95,39,135,0,136,144,2,1,13
0,2,9,1,3,7,3,0,0,10,1,16,14,15243,4745,8633,13379,0,37,145,2,1,13
0,2,9,1,2,1,0,0,0,1,1,41,6,448,82,0,82,0,52,143,2,1,13
0,2,9,1,0,7,0,0,0,7,1,16,0,5021,328,68,396,0,149,152,2,1,13
0,2,9,1,3,1,1,0,0,2,1,9,6,1924,170,170,340,0,121,147,2,1,13
0,2,0,1,3,17,2,0,0,19,1,0,0,29500,1644,5242,6886,0,87,146,2,1,13
0,2,0,1,2,3,2,0,0,5,1,0,0,942,194,74,268,0,11,153,2,1,13
0,2,0,1,0,7,7,0,0,14,1,0,0,2337,1716,853,2569,0,1,148,2,1,13
0,2,9,1,0,11,3,0,0,14,1,9,0,4184,1800,108,1908,0,11,142,2,1,13
0,2,9,1,0,8,13,0,0,21,2,0,0,7654,1013,1358,2371,0,28,150,2,1,13
0,2,9,1,0,2,1,0,0,3,1,9,0,10578,2057,71,2128,0,29,151,2,1,13
0,2,9,1,3,5,5,0,0,10,1,9,0,6492,400,1217,1617,0,30,149,2,1,13
0,2,3,1,2,2,1,0,0,3,1,0,6,361,171,39,210,0,16,141,2,1,13
0,2,9,1,0,2,1,0,0,3,1,9,6,4013,1443,227,1670,0,6,0,0,0,16
0,2,0,1,2,3,1,0,0,4,1,0,0,4449,394,305,700,0,92,177,2,1,16
0,2,0,1,2,3,0,0,0,3,1,0,0,2227,283,85,368,0,92,176,2,1,16
0,2,0,1,0,8,2,0,0,10,1,0,5,3791,364,228,592,0,161,164,2,1,16
0,2,0,1,0,5,0,0,0,5,1,9,0,6179,273,128,402,0,47,165,2,1,16
0,2,2,0,2,3,1,0,0,4,1,0,0,0,166,30,196,0,99,164,2,1,16
0,4,3,1,0,7,1,2,0,10,1,0,15,3045,890,575,1465,0,151,161,2,1,16
0,2,6,0,0,2,0,0,0,2,1,0,0,1641,198,0,198,0,30,162,2,1,16
0,2,0,1,2,0,0,0,0,0,1,7,6,632,91,4,96,0,42,160,2,1,16
0,2,0,0,0,2,1,0,0,3,1,6,6,1619,108,226,334,0,44,159,2,1,16
0,2,5,1,0,24,7,0,0,31,1,0,15,11671,1531,3141,4673,0,11,163,2,1,16
0,2,0,1,0,3,0,0,0,3,1,13,14,2645,200,66,266,0,85,155,2,1,16
0,2,9,1,0,17,2,0,0,19,1,12,0,6359,421,198,619,0,87,167,2,1,16
0,2,6,0,2,2,0,0,0,2,1,3,14,1361,355,0,355,0,90,170,2,1,16
0,2,2,0,2,4,0,0,0,4,1,0,6,0,62,0,62,0,153,169,2,1,16
0,2,0,1,0,24,0,0,0,24,1,9,0,16528,817,1018,1836,0,87,173,2,1,16
0,2,9,1,0,14,1,0,0,15,1,14,0,6420,2364,1059,3423,0,26,166,2,1,16
0,2,9,1,0,19,15,0,0,34,1,9,12,6145,2000,431,2432,0,3,175,2,1,16
0,2,9,0,2,2,0,0,0,2,1,9,0,330,84,0,84,0,95,172,2,1,16
0,2,9,1,2,3,3,0,0,6,1,9,22,1990,428,90,518,0,26,174,2,1,16
0,2,2,0,2,2,0,0,0,2,1,9,6,130,130,0,130,0,34,171,2,1,16
0,2,9,1,0,0,0,0,0,0,1,0,0,1983,264,0,264,0,92,173,2,1,16
0,2,9,1,0,0,0,5,0,5,1,9,0,2161,394,92,486,0,92,168,2,1,16
0,2,0,1,2,0,0,0,0,0,1,9,0,0,0,0,0,0,30,156,2,1,16
0,2,9,1,0,8,1,0,0,9,1,9,0,9757,2200,0,2200,0,62,157,2,1,16
0,2,0,1,3,41,0,0,0,41,1,0,10,26851,3871,6656,10528,0,0,158,2,1,16
0,2,0,0,2,4,0,0,0,4,1,13,0,1946,129,45,174,0,15,154,2,1,16
0,4,2,0,0,5,0,0,0,5,1,0,0,9935,774,0,774,0,90,10,1,1,31
0,2,9,1,0,3,0,0,0,3,1,9,6,4432,324,1664,1989,0,92,11,1,1,31
0,2,9,1,0,7,1,0,0,8,1,9,0,10171,600,877,1477,0,87,214,2,1,31
0,4,0,1,3,33,4,0,0,37,1,0,19,11820,2464,3647,6111,0,30,9,1,1,31
0,2,9,1,3,1,0,0,0,1,1,9,6,1101,108,0,108,0,91,213,2,1,31
0,2,9,0,2,0,0,0,0,0,1,37,6,215,62,0,62,0,50,212,2,1,31
0,2,0,1,2,1,1,0,0,2,1,27,12,162,16,0,16,0,51,215,2,1,31
0,2,0,1,0,0,0,0,0,0,1,0,14,3306,256,273,530,0,88,220,2,1,31
0,2,0,1,2,5,1,0,0,6,1,0,0,6617,495,495,990,0,102,216,2,1,31
0,2,9,1,3,17,3,4,0,24,1,9,16,12361,3583,1002,4585,0,102,217,2,1,31
0,2,0,1,2,5,1,0,0,6,1,0,0,4512,495,495,990,0,102,218,2,1,31
0,2,3,1,0,15,1,10,0,26,1,0,0,4986,1948,0,1948,0,90,221,2,1,31
0,2,9,1,3,20,5,0,0,25,1,9,0,10834,1124,2869,3993,0,17,222,2,1,31
0,2,0,1,3,2,2,0,0,4,1,9,6,660,146,0,146,0,32,219,2,1,31
0,2,6,0,0,5,3,0,0,8,1,25,6,10076,887,918,1806,0,17,223,2,1,31
0,2,9,1,3,1,0,0,0,1,1,9,6,7603,185,0,185,0,91,205,2,1,31
0,4,9,1,3,3,1,0,0,4,1,0,0,7369,1323,848,2172,0,26,8,1,1,31
0,2,9,1,2,0,0,0,0,0,1,0,14,1599,144,87,231,0,28,204,2,1,31
0,4,0,1,3,4,4,0,0,8,1,0,0,3105,581,159,741,0,15,206,2,1,31
0,2,9,1,0,0,0,12,0,12,1,9,15,8901,550,1253,1804,0,9,203,2,1,31
0,4,9,1,0,2,6,0,0,8,1,9,12,4833,422,843,1265,0,26,198,2,1,31
0,4,9,1,3,5,1,0,0,6,1,0,0,3978,1155,425,1580,0,77,200,2,1,31
0,2,9,1,0,0,0,2,0,2,1,9,0,8793,404,1509,1914,0,11,199,2,1,31
0,2,0,1,2,3,0,0,0,3,1,0,14,1800,408,0,408,0,62,201,2,1,31
0,2,9,1,0,18,2,0,0,20,1,0,9,19700,1524,4799,6323,0,38,202,2,1,31
0,2,0,1,0,0,0,0,0,0,1,9,0,12539,1240,0,1240,0,87,210,2,1,31
0,2,9,1,0,10,0,0,0,10,1,9,0,13728,2891,553,3444,0,92,210,2,1,31
0,2,9,1,0,11,1,0,0,12,1,9,0,14170,486,540,1026,0,87,208,2,1,31
0,2,6,0,2,2,0,0,0,2,1,7,6,641,66,113,179,0,39,209,2,1,31
0,2,9,1,3,0,0,0,0,0,1,9,12,7058,551,138,689,0,17,207,2,1,31
0,2,9,1,3,4,4,0,0,8,1,9,0,7089,496,582,1078,0,29,211,2,1,31
